Larval_ID,Sex,Family,Full_Treatment,Photo_Treatment,Diet_Treatment,5th_Day,Photo_Day,Blocking_Day,Devo_Time,Eclosion_Date,Devo_Time2,Gray_Value_R,Gray_Value_G,Gray_Value_B,Avg_Gray,Avg_Gray_2,Darkness,Percent_R,Percent_G,Percent_B,Avg_Percent,Avg_Percent_Melanin,Total_Melanin_Metric,Notes
T101,,27,LongPhotoLowTyr,Long,Low,5/24/23,5/27/23,,,,,17.916,17.378,17.091,17.462,17.647,11.353,3.561,3.551,5.358,4.157,3.556,47.191,
T102,,27,LongPhotoLowTyr,Long,Low,5/24/23,5/27/23,,,,,15.017,15.146,16.552,15.572,15.082,13.919,6.740,6.926,10.561,8.076,6.833,112.401,
T103,,27,LongPhotoLowTyr,Long,Low,5/24/23,5/27/23,,,,,15.430,14.809,18.364,16.201,15.120,13.881,5.106,5.053,9.902,6.687,5.080,92.819,
T104,,27,LongPhotoLowTyr,Long,Low,5/24/23,5/27/23,,,,,13.885,13.737,15.783,14.468,13.811,15.189,11.422,11.402,17.513,13.446,11.412,204.226,
T105,F,27,LongPhotoLowTyr,Long,Low,5/24/23,5/27/23,6/1/23,8,6/23/23,22,17.598,17.072,18.380,17.683,17.335,11.665,2.269,2.314,4.477,3.020,2.292,35.228,
T106,,27,LongPhotoLowTyr,Long,Low,5/25/23,5/28/23,,,,,16.972,16.586,18.926,17.495,16.779,12.221,4.470,4.290,7.949,5.570,4.380,68.067,
T107,,27,LongPhotoLowTyr,Long,Low,5/25/23,5/28/23,,,,,14.860,14.625,17.278,15.588,14.743,14.258,5.573,5.355,9.036,6.655,5.464,94.879,
T108,,25,LongPhotoLowTyr,Long,Low,5/25/23,5/28/23,,,,,13.620,13.525,15.053,14.066,13.573,15.428,11.567,11.407,16.616,13.197,11.487,203.592,
T109,,24,LongPhotoLowTyr,Long,Low,5/25/23,5/28/23,,,,,11.184,11.235,15.631,12.683,11.210,17.791,10.403,10.347,17.670,12.807,10.375,227.837,
T110,M,27,LongPhotoLowTyr,Long,Low,5/25/23,5/28/23,6/1/23,7,6/23/23,22,16.123,15.825,18.405,16.784,15.974,13.026,4.622,4.685,8.844,6.050,4.654,78.812,
T111,F,27,LongPhotoLowTyr,Long,Low,5/25/23,5/28/23,6/2/23,8,6/23/23,21,15.195,14.457,19.310,16.321,14.826,14.174,6.000,5.753,12.733,8.162,5.877,115.688,
T112,F,27,LongPhotoLowTyr,Long,Low,5/25/23,5/28/23,6/2/23,8,6/25/23,23,16.832,15.410,20.338,17.527,16.121,12.879,7.526,6.746,17.779,10.684,7.136,137.595,
T113,,33,LongPhotoLowTyr,Long,Low,5/26/23,5/29/23,,,,,18.240,17.490,21.550,19.093,17.865,11.135,4.059,4.057,11.463,6.526,4.058,72.671,
T114,,33,LongPhotoLowTyr,Long,Low,5/26/23,5/29/23,,,,,15.841,15.370,19.604,16.938,15.606,13.395,5.248,5.403,12.970,7.874,5.326,105.464,
T115,,25,LongPhotoLowTyr,Long,Low,5/26/23,5/29/23,,,,,12.087,12.086,14.282,12.818,12.087,16.914,21.834,22.124,32.509,25.489,21.979,431.108,
T116,,25,LongPhotoLowTyr,Long,Low,5/26/23,5/28/23,,,,,13.247,13.107,15.317,13.890,13.177,15.823,7.971,7.975,12.075,9.340,7.973,147.792,
T117,,25,LongPhotoLowTyr,Long,Low,5/26/23,5/29/23,,,,,13.065,12.920,14.761,13.582,12.993,16.008,10.614,10.784,15.741,12.380,10.699,198.168,
T118,M,25,LongPhotoLowTyr,Long,Low,5/26/23,5/29/23,6/2/23,7,6/25/23,23,11.955,11.845,13.982,12.594,11.900,17.100,12.124,12.275,18.217,14.205,12.200,242.911,pupa short wings
T119,M,25,LongPhotoLowTyr,Long,Low,5/26/23,5/29/23,6/2/23,7,6/23/23,21,15.294,14.929,16.103,15.442,15.112,13.889,7.716,7.592,11.564,8.957,7.654,124.404,pupa short wings
T120,F,25,LongPhotoLowTyr,Long,Low,5/26/23,5/29/23,6/2/23,7,6/25/23,23,13.652,13.194,15.191,14.012,13.423,15.577,11.252,10.984,15.901,12.712,11.118,198.020,
T121,M,25,LongPhotoLowTyr,Long,Low,5/26/23,5/29/23,6/1/23,6,6/25/23,24,12.788,12.587,16.437,13.937,12.688,16.313,12.270,12.313,22.075,15.553,12.292,253.703,pupa short wings
T122,,24,LongPhotoLowTyr,Long,Low,5/26/23,5/29/23,,,,,13.637,13.519,14.599,13.918,13.578,15.422,15.521,15.278,21.014,17.271,15.400,266.353,
T123,,24,LongPhotoLowTyr,Long,Low,5/26/23,5/29/23,,,,,12.053,11.780,14.699,12.844,11.917,17.084,11.929,11.640,18.111,13.893,11.785,237.347,
T124,,27,LongPhotoLowTyr,Long,Low,5/26/23,5/29/23,,,,,14.379,14.152,18.466,15.666,14.266,14.735,6.181,6.347,13.102,8.543,6.264,125.882,
T125,M,27,LongPhotoLowTyr,Long,Low,5/26/23,5/29/23,6/1/23,6,6/23/23,22,14.614,13.374,19.320,15.769,13.994,15.006,7.220,6.557,16.873,10.217,6.889,153.311,
T126,,34,LongPhotoLowTyr,Long,Low,5/26/23,5/29/23,,,,,13.583,12.738,15.543,13.955,13.161,15.840,19.117,17.729,27.605,21.484,18.423,340.291,
T127,,34,LongPhotoLowTyr,Long,Low,5/26/23,5/29/23,,,,,16.155,15.688,18.505,16.783,15.922,13.079,6.339,6.288,11.840,8.156,6.314,106.664,
T128,,34,LongPhotoLowTyr,Long,Low,5/26/23,5/29/23,,,,,15.763,14.272,18.805,16.280,15.018,13.983,8.072,7.052,14.869,9.998,7.562,139.792,
T129,F,25,LongPhotoLowTyr,Long,Low,5/26/23,5/29/23,6/3/23,8,6/27/23,24,12.620,12.584,16.845,14.016,12.602,16.398,8.628,8.802,16.526,11.319,8.715,185.603,pupa short wings
T130,,24,LongPhotoLowTyr,Long,Low,5/27/23,5/29/23,,,,,12.586,12.269,15.087,13.314,12.428,16.573,12.811,12.780,20.610,15.400,12.796,255.222,
T131,M,24,LongPhotoLowTyr,Long,Low,5/27/23,5/29/23,6/3/23,7,6/28/23,25,,,,,,,,,,,,,not sure where photo is
T132,,33,LongPhotoLowTyr,Long,Low,5/27/23,5/30/23,,,,,18.929,17.812,19.064,18.602,18.371,10.630,1.741,1.715,3.539,2.332,1.728,24.784,
T133,M,25,LongPhotoLowTyr,Long,Low,5/27/23,5/30/23,6/3/23,7,6/28/23,25,17.405,17.340,16.300,17.015,17.373,11.628,6.872,7.014,9.072,7.653,6.943,88.981,pupa severe deform
T134,F,25,LongPhotoLowTyr,Long,Low,5/27/23,5/30/23,6/3/23,7,6/26/23,23,13.426,13.372,15.843,14.214,13.399,15.601,11.176,11.224,18.097,13.499,11.200,210.598,"pupa short wings, used photo b"
T135,,25,LongPhotoLowTyr,Long,Low,5/27/23,5/30/23,,,,,18.305,17.717,17.533,17.852,18.011,10.989,3.805,4.074,6.778,4.886,3.940,53.689,
T136,,25,LongPhotoLowTyr,Long,Low,5/27/23,5/30/23,,,,,17.228,16.105,20.629,17.987,16.667,12.334,6.570,5.943,14.830,9.114,6.257,112.412,used photo b
T137,F,34,LongPhotoLowTyr,Long,Low,5/27/23,5/30/23,6/3/23,7,6/26/23,23,13.720,13.620,15.945,14.428,13.670,15.330,10.876,10.822,16.930,12.876,10.849,197.389,pupa short wings
T138,M,34,LongPhotoLowTyr,Long,Low,5/27/23,5/30/23,6/4/23,8,6/27/23,23,17.864,17.500,17.743,17.702,17.682,11.318,5.487,5.296,8.347,6.377,5.392,72.171,
T139,,,LongPhotoLowTyr,Long,Low,,,,,,,14.192,13.747,16.566,14.835,13.970,15.031,7.648,7.618,12.864,9.377,7.633,140.936,
T140,,34,LongPhotoLowTyr,Long,Low,5/27/23,5/30/23,,,,,17.347,17.019,17.176,17.181,17.183,11.817,5.245,5.390,8.221,6.285,5.318,74.274,used photo b
T141,M,34,LongPhotoLowTyr,Long,Low,5/27/23,5/30/23,6/2/23,6,6/26/23,24,15.398,15.216,15.398,15.337,15.307,13.693,5.813,5.716,7.746,6.425,5.765,87.978,
T142,F,34,LongPhotoLowTyr,Long,Low,5/27/23,5/30/23,6/3/23,7,6/30/23,27,15.110,14.614,19.161,16.295,14.862,14.138,7.536,7.177,15.516,10.076,7.357,142.459,pupa short wings
T143,M,34,LongPhotoLowTyr,Long,Low,5/27/23,5/30/23,6/3/23,7,6/25/23,22,14.680,14.614,14.645,14.646,14.647,14.353,8.719,8.754,11.284,9.586,8.737,137.583,pupa short wings
T144,F,24,LongPhotoLowTyr,Long,Low,5/27/23,5/30/23,6/3/23,7,6/27/23,24,14.804,14.365,19.594,16.254,14.585,14.416,6.878,6.972,18.292,10.714,6.925,154.448,pupa short wings
T145,,25,LongPhotoLowTyr,Long,Low,5/27/23,5/30/23,,,,,14.635,13.407,18.803,15.615,14.021,14.979,10.200,9.316,23.854,14.457,9.758,216.546,
T146,,25,LongPhotoLowTyr,Long,Low,5/27/23,5/30/23,,,,,17.311,16.790,21.752,18.618,17.051,11.949,4.256,4.121,13.548,7.308,4.189,87.331,
T147,,34,LongPhotoLowTyr,Long,Low,5/27/23,5/30/23,,,,,16.476,16.218,17.219,16.638,16.347,12.653,6.500,6.479,9.964,7.648,6.490,96.766,
T148,,34,LongPhotoLowTyr,Long,Low,5/27/23,5/30/23,,,,,15.428,15.145,16.750,15.774,15.287,13.714,7.901,7.925,12.504,9.443,7.913,129.501,
T149,,34,LongPhotoLowTyr,Long,Low,5/27/23,5/30/23,,,,,15.269,15.068,15.858,15.398,15.169,13.832,6.838,6.816,9.883,7.846,6.827,108.517,
T150,,34,LongPhotoLowTyr,Long,Low,5/27/23,5/30/23,6/4/23,8,,,18.644,18.031,18.795,18.490,18.338,10.663,5.182,5.250,8.586,6.339,5.216,67.593,not fully molted
T151,,33,LongPhotoLowTyr,Long,Low,5/28/23,5/31/23,,,,,15.832,15.381,17.143,16.119,15.607,13.394,5.478,5.342,9.063,6.628,5.410,88.768,
T152,,34,LongPhotoLowTyr,Long,Low,5/28/23,5/31/23,,,,,13.961,13.672,15.598,14.410,13.817,15.184,7.879,7.904,12.360,9.381,7.892,142.436,
T153,,37,LongPhotoLowTyr,Long,Low,5/28/23,5/31/23,,,,,15.634,15.266,16.331,15.744,15.450,13.550,6.039,6.071,9.243,7.118,6.055,96.444,
T154,M,33,LongPhotoLowTyr,Long,Low,5/28/23,5/31/23,6/4/23,7,6/27/23,23,15.304,14.696,16.722,15.574,15.000,14.000,6.036,5.766,9.426,7.076,5.901,99.064,pupa deformed
T155,F,33,LongPhotoLowTyr,Long,Low,5/29/23,6/1/23,6/5/23,7,6/29/23,24,14.310,14.078,15.549,14.646,14.194,14.806,9.839,10.126,15.113,11.693,9.983,173.122,"pupa short wings, used photo b"
T156,,24,LongPhotoLowTyr,Long,Low,5/29/23,6/1/23,,,,,16.844,15.941,21.037,17.941,16.393,12.608,6.034,5.638,16.285,9.319,5.836,117.489,
T157,F,33,LongPhotoLowTyr,Long,Low,5/30/23,6/2/23,6/5/23,6,6/28/23,23,15.573,15.351,18.135,16.353,15.462,13.538,5.642,5.619,10.546,7.269,5.631,98.408,"pupa short wings, used photo b"
T158,,24,LongPhotoLowTyr,Long,Low,5/30/23,6/2/23,,,,,14.820,14.084,18.694,15.866,14.452,14.548,7.602,7.506,17.802,10.970,7.554,159.592,used photo b
T159,,24,LongPhotoLowTyr,Long,Low,5/30/23,6/2/23,,,,,15.611,14.865,19.200,16.559,15.238,13.762,6.460,6.189,16.712,9.787,6.325,134.689,
T160,,24,LongPhotoLowTyr,Long,Low,5/30/23,6/2/23,6/11/23,12,,,14.884,14.360,18.831,16.025,14.622,14.378,8.460,8.313,21.003,12.592,8.387,181.048,pupa severe deform
T161,,37,LongPhotoLowTyr,Long,Low,5/31/23,6/3/23,,,,,14.934,14.629,16.670,15.411,14.782,14.219,12.206,12.476,20.976,15.219,12.341,216.396,"rear motor issues? Hard to get good photo, used photo b"
T162,,24,LongPhotoLowTyr,Long,Low,5/31/23,6/3/23,6/7/23,7,,,20.563,17.792,20.458,19.604,19.178,9.823,8.088,5.495,18.697,10.760,6.792,105.690,"pupa severe deform, died as pupa, used photo b"
T163,M,24,LongPhotoLowTyr,Long,Low,5/31/23,6/3/23,6/7/23,7,6/30/23,23,14.673,14.484,18.993,16.050,14.579,14.422,8.734,8.665,20.963,12.787,8.700,184.413,pupa short wings
T164,,37,LongPhotoLowTyr,Long,Low,5/31/23,6/3/23,,,,,13.731,13.429,17.626,14.929,13.580,15.420,10.795,10.791,21.338,14.308,10.793,220.629,
T165,M,33,LongPhotoLowTyr,Long,Low,6/1/23,6/4/23,6/8/23,7,,,17.701,17.081,18.713,17.832,17.391,11.609,3.614,3.597,6.583,4.598,3.606,53.378,"pupa severe deform, died trying to emerge?, used photo a"
T166,F,24,LongPhotoLowTyr,Long,Low,6/1/23,6/4/23,6/8/23,7,6/30/23,22,15.215,13.923,18.013,15.717,14.569,14.431,9.590,8.770,18.327,12.229,9.180,176.477,"pupa short wings, used photo a"
T167,,37,LongPhotoLowTyr,Long,Low,6/1/23,6/4/23,,,,,13.942,13.578,14.692,14.071,13.760,15.240,39.022,39.002,53.321,43.782,39.012,667.233,used photo c
T168,,37,LongPhotoLowTyr,Long,Low,6/1/23,6/4/23,,,,,18.045,17.374,19.362,18.260,17.710,11.291,5.811,5.736,11.455,7.667,5.774,86.568,used photo c
T169,F,37,LongPhotoLowTyr,Long,Low,6/1/23,6/4/23,6/10/23,9,7/4/23,24,16.831,16.125,17.931,16.962,16.478,12.522,5.451,5.296,9.487,6.745,5.374,84.457,"pupa short wings, used photo c"
T170,F,37,LongPhotoLowTyr,Long,Low,6/2/23,6/5/23,6/10/23,8,7/3/23,23,12.983,12.752,17.850,14.528,12.868,16.133,8.856,9.088,20.355,12.766,8.972,205.953,"pupa short wings, used photo a"
T171,M,37,LongPhotoLowTyr,Long,Low,6/2/23,6/5/23,6/9/23,7,7/4/23,25,19.460,19.203,18.603,19.089,19.332,9.669,9.054,9.301,13.561,10.639,9.178,102.860,"pupa short wings, used photo b"
T172,M,37,LongPhotoLowTyr,Long,Low,6/3/23,6/6/23,6/11/23,8,7/3/23,22,14.261,14.008,14.657,14.309,14.135,14.866,15.208,15.468,21.585,17.420,15.338,258.962,used photo c
T173,M,37,LongPhotoLowTyr,Long,Low,6/4/23,6/6/23,6/12/23,8,7/4/23,22,15.661,15.345,15.339,15.448,15.503,13.497,22.605,23.797,32.610,26.337,23.201,355.475,"pupa short wings, uses photo b"
T174,,24,LongPhotoLowTyr,Long,Low,6/4/23,6/6/23,6/13/23,9,,,14.320,14.102,16.927,15.116,14.211,14.789,13.634,13.926,24.217,17.259,13.780,255.243,pupa severe deform
T201,,24,LongPhotoHighTyr,Long,High,5/25/23,5/28/23,,,,,13.557,13.145,15.918,14.207,13.351,15.649,10.577,10.538,16.854,12.656,10.558,198.059,
T202,,25,LongPhotoHighTyr,Long,High,5/26/23,5/29/23,,,,,15.132,14.912,15.833,15.292,15.022,13.978,17.510,17.666,24.972,20.049,17.588,280.250,
T203,,25,LongPhotoHighTyr,Long,High,5/26/23,5/29/23,,,,,13.455,13.431,13.827,13.571,13.443,15.557,20.448,20.832,26.808,22.696,20.640,353.082,
T204,,24,LongPhotoHighTyr,Long,High,5/26/23,5/29/23,,,,,14.727,14.546,16.107,15.127,14.637,14.364,13.960,14.167,21.580,16.569,14.064,237.989,
T205,,27,LongPhotoHighTyr,Long,High,5/26/23,5/29/23,,,,,15.359,15.185,15.051,15.198,15.272,13.728,17.270,17.648,23.281,19.400,17.459,266.319,
T206,,27,LongPhotoHighTyr,Long,High,5/26/23,5/28/23,,,,,14.023,13.485,18.156,15.221,13.754,15.246,7.934,7.810,15.893,10.546,7.872,160.779,
T207,,27,LongPhotoHighTyr,Long,High,5/26/23,5/29/23,,,,,16.269,15.948,18.954,17.057,16.109,12.892,6.372,6.439,12.305,8.372,6.406,107.928,
T208,,27,LongPhotoHighTyr,Long,High,5/26/23,5/29/23,,,,,17.573,16.624,19.543,17.913,17.099,11.902,3.968,3.974,8.326,5.423,3.971,64.538,
T209,F,27,LongPhotoHighTyr,Long,High,5/26/23,5/29/23,6/2/23,7,6/25/23,23,16.144,15.530,15.909,15.861,15.837,13.163,6.017,5.924,8.560,6.834,5.971,89.952,pupa deformed
T210,F,27,LongPhotoHighTyr,Long,High,5/26/23,5/29/23,6/1/23,6,6/25/23,24,15.160,14.603,17.911,15.891,14.882,14.119,10.940,10.716,19.161,13.606,10.828,192.092,pupa short wings
T211,M,27,LongPhotoHighTyr,Long,High,5/26/23,5/29/23,6/2/23,7,6/25/23,23,15.146,14.437,18.423,16.002,14.792,14.209,8.156,7.921,16.067,10.715,8.039,152.239,
T212,F,27,LongPhotoHighTyr,Long,High,5/26/23,5/29/23,6/2/23,7,6/25/23,23,17.408,16.662,17.988,17.353,17.035,11.965,5.273,4.930,8.243,6.149,5.102,73.569,
T213,F,27,LongPhotoHighTyr,Long,High,5/26/23,5/29/23,6/2/23,7,6/25/23,23,14.439,13.563,17.695,15.232,14.001,14.999,7.863,7.367,13.702,9.644,7.615,144.650,
T214,,34,LongPhotoHighTyr,Long,High,5/26/23,5/29/23,,,,,14.813,14.221,16.382,15.139,14.517,14.483,11.675,11.363,17.451,13.496,11.519,195.467,
T215,,34,LongPhotoHighTyr,Long,High,5/26/23,5/29/23,,,,,13.675,13.173,15.543,14.130,13.424,15.576,12.911,12.522,18.576,14.670,12.717,228.495,
T216,F,27,LongPhotoHighTyr,Long,High,5/26/23,5/29/23,6/4/23,9,6/27/23,23,15.515,15.195,17.204,15.971,15.355,13.645,9.854,10.176,16.568,12.199,10.015,166.460,
T217,,25,LongPhotoHighTyr,Long,High,5/26/23,5/29/23,,,,,13.739,13.450,16.879,14.689,13.595,15.406,11.116,11.513,20.060,14.230,11.315,219.215,
T218,,24,LongPhotoHighTyr,Long,High,5/27/23,5/30/23,,,,,15.045,14.493,17.780,15.773,14.769,14.231,11.830,11.963,22.726,15.506,11.897,220.671,
T219,,25,LongPhotoHighTyr,Long,High,5/27/23,5/30/23,,,,,15.630,15.395,15.587,15.537,15.513,13.488,23.934,24.367,32.165,26.822,24.151,361.762,
T220,F,25,LongPhotoHighTyr,Long,High,5/27/23,5/30/23,6/3/23,7,6/27/23,24,14.966,14.687,16.714,15.456,14.827,14.174,8.516,8.781,14.029,10.442,8.649,148.000,"pupa short wings, used photo c"
T221,,25,LongPhotoHighTyr,Long,High,5/27/23,5/29/23,,,,,14.128,13.595,16.109,14.611,13.862,15.139,8.675,9.462,15.657,11.265,9.069,170.530,
T222,F,25,LongPhotoHighTyr,Long,High,5/27/23,5/30/23,6/3/23,7,6/29/23,26,14.489,14.442,16.645,15.192,14.466,14.535,8.790,8.785,14.400,10.658,8.788,154.914,pupa severe deform
T223,F,34,LongPhotoHighTyr,Long,High,5/27/23,5/30/23,6/3/23,7,6/27/23,24,14.191,13.505,16.102,14.599,13.848,15.152,15.863,15.138,23.945,18.315,15.501,277.514,pupa deformed
T224,M,34,LongPhotoHighTyr,Long,High,5/27/23,5/30/23,6/3/23,7,6/28/23,25,12.621,12.428,12.532,12.527,12.525,16.476,21.199,21.291,27.049,23.180,21.245,381.897,pupa short wings
T225,M,34,LongPhotoHighTyr,Long,High,5/27/23,5/30/23,6/3/23,7,6/27/23,24,13.037,12.614,13.730,13.127,12.826,16.175,25.627,25.278,34.592,28.499,25.453,460.957,pupa short wings
T226,,33,LongPhotoHighTyr,Long,High,5/27/23,5/30/23,,,,,18.384,17.824,20.479,18.896,18.104,10.896,6.264,6.740,16.656,9.887,6.502,107.725,used photo a
T227,,33,LongPhotoHighTyr,Long,High,5/27/23,5/30/23,,,,,15.207,14.930,17.664,15.934,15.069,13.932,7.572,7.881,14.261,9.905,7.727,137.987,
T228,,33,LongPhotoHighTyr,Long,High,5/27/23,5/30/23,,,,,13.715,13.482,15.806,14.334,13.599,15.402,9.374,9.612,15.010,11.332,9.493,174.530,
T229,M,33,LongPhotoHighTyr,Long,High,5/27/23,5/30/23,6/4/23,8,6/27/23,23,14.746,14.395,15.523,14.888,14.571,14.430,9.323,9.763,14.304,11.130,9.543,160.600,used photo b
T230,M,34,LongPhotoHighTyr,Long,High,5/27/23,5/30/23,6/3/23,7,6/26/23,23,17.314,16.867,17.632,17.271,17.091,11.910,5.405,5.759,9.204,6.789,5.582,80.858,"pupa short wings, used photo a"
T231,M,34,LongPhotoHighTyr,Long,High,5/27/23,5/30/23,6/4/23,8,6/28/23,24,14.583,14.310,16.327,15.073,14.447,14.554,11.417,11.892,18.614,13.974,11.655,203.375,used photo b
T232,F,34,LongPhotoHighTyr,Long,High,5/27/23,5/30/23,6/4/23,8,6/28/23,24,14.541,14.292,16.444,15.092,14.417,14.584,14.737,14.980,23.223,17.647,14.859,257.350,
T233,,34,LongPhotoHighTyr,Long,High,5/27/23,5/30/23,,,,,14.316,13.872,13.827,14.005,14.094,14.906,13.223,13.847,17.735,14.935,13.535,222.621,
T234,,34,LongPhotoHighTyr,Long,High,5/27/23,5/30/23,,,,,16.440,15.882,18.225,16.849,16.161,12.839,7.690,8.014,14.007,9.904,7.852,127.153,
T235,,25,LongPhotoHighTyr,Long,High,5/27/23,5/30/23,,,,,18.276,17.766,21.001,19.014,18.021,10.979,3.550,3.721,9.076,5.449,3.636,59.825,used photo b
T236,,25,LongPhotoHighTyr,Long,High,5/27/23,5/30/23,6/5/23,9,,,14.403,14.216,15.882,14.834,14.310,14.691,16.020,16.556,24.319,18.965,16.288,278.605,died as pupa
T237,M,25,LongPhotoHighTyr,Long,High,5/27/23,5/30/23,6/3/23,7,6/26/23,23,13.760,13.654,14.332,13.915,13.707,15.293,18.827,19.439,26.034,21.433,19.133,327.780,pupa severe deform
T238,M,25,LongPhotoHighTyr,Long,High,5/27/23,5/30/23,6/4/23,8,6/28/23,24,14.381,14.014,14.142,14.179,14.198,14.803,25.520,26.759,34.806,29.028,26.140,429.692,"pupa short wings, used photo b"
T239,,34,LongPhotoHighTyr,Long,High,5/28/23,5/31/23,,,,,15.055,14.831,16.435,15.440,14.943,14.057,13.549,13.790,20.576,15.972,13.670,224.514,used photo a
T240,,34,LongPhotoHighTyr,Long,High,5/28/23,5/31/23,,,,,12.532,11.589,14.637,12.919,12.061,16.940,14.478,13.874,23.188,17.180,14.176,291.021,used photo a
T241,,34,LongPhotoHighTyr,Long,High,5/28/23,5/31/23,,,,,13.844,13.433,16.331,14.536,13.639,15.362,14.754,14.901,24.489,18.048,14.828,277.244,
T242,,34,LongPhotoHighTyr,Long,High,5/28/23,5/31/23,,,,,15.529,15.235,15.943,15.569,15.382,13.618,13.791,13.910,18.947,15.549,13.851,211.751,
T243,,25,LongPhotoHighTyr,Long,High,5/28/23,5/31/23,,,,,14.868,14.551,16.970,15.463,14.710,14.291,9.727,9.986,16.564,12.092,9.857,172.805,
T244,,25,LongPhotoHighTyr,Long,High,5/28/23,5/31/23,,,,,16.531,15.847,18.380,16.919,16.189,12.811,6.486,6.163,10.832,7.827,6.325,100.272,
T245,F,25,LongPhotoHighTyr,Long,High,5/28/23,5/31/23,6/4/23,7,6/28/23,24,13.216,13.114,14.697,13.676,13.165,15.835,20.738,21.106,29.767,23.870,20.922,377.987,pupa short wings
T246,F,25,LongPhotoHighTyr,Long,High,5/28/23,5/31/23,6/5/23,8,6/28/23,23,15.853,15.583,18.732,16.723,15.718,13.282,5.555,5.705,10.862,7.374,5.630,97.941,pupa short wings
T247,F,24,LongPhotoHighTyr,Long,High,5/28/23,5/31/23,6/4/23,7,,,14.610,14.475,16.612,15.232,14.543,14.458,8.965,9.114,14.028,10.702,9.040,154.729,"pupa severe deform, died as pupa"
T248,,33,LongPhotoHighTyr,Long,High,5/28/23,5/31/23,,,,,15.372,15.043,17.097,15.837,15.208,13.793,13.357,13.336,20.454,15.716,13.347,216.758,
T249,,34,LongPhotoHighTyr,Long,High,5/28/23,5/31/23,,,,,13.248,12.522,16.959,14.243,12.885,16.115,16.536,16.711,35.305,22.851,16.624,368.238,
T250,,24,LongPhotoHighTyr,Long,High,5/28/23,5/31/23,,,,,15.267,14.739,18.746,16.251,15.003,13.997,7.427,7.490,15.668,10.195,7.459,142.699,
T251,,24,LongPhotoHighTyr,Long,High,5/28/23,5/31/23,,,,,15.647,15.130,16.833,15.870,15.389,13.612,9.627,9.802,15.149,11.526,9.715,156.886,
T252,,24,LongPhotoHighTyr,Long,High,5/30/23,6/2/23,,,,,16.693,15.712,19.945,17.450,16.203,12.798,6.925,6.782,1.951,5.219,6.854,66.794,
T253,,24,LongPhotoHighTyr,Long,High,5/30/23,6/2/23,,,,,14.403,13.572,17.191,15.055,13.988,15.013,12.160,11.740,21.460,15.120,11.950,226.989,
T254,,33,LongPhotoHighTyr,Long,High,5/30/23,6/1/23,,,,,15.273,14.266,18.432,15.990,14.770,14.231,14.261,13.443,28.427,18.710,13.852,266.257,used photo b
T255,,33,LongPhotoHighTyr,Long,High,5/30/23,6/2/23,,,,,16.046,15.472,19.515,17.011,15.759,13.241,3.496,3.390,7.049,4.645,3.443,61.504,used photo b
T256,,37,LongPhotoHighTyr,Long,High,5/30/23,6/2/23,,,,,14.801,14.244,18.683,15.909,14.523,14.478,8.060,7.990,16.742,10.931,8.025,158.249,
T257,,37,LongPhotoHighTyr,Long,High,5/30/23,6/2/23,,,,,11.587,11.085,12.264,11.645,11.336,17.664,35.797,36.517,47.123,39.812,36.157,703.245,used photo c
T258,F,24,LongPhotoHighTyr,Long,High,5/31/23,6/3/23,6/7/23,7,,,14.558,13.594,18.605,15.586,14.076,14.924,8.959,8.582,19.124,12.222,8.771,182.396,"pupa severe deform, died as pupa, used photo b"
T259,,33,LongPhotoHighTyr,Long,High,5/31/23,6/3/23,6/8/23,8,,,14.136,13.478,17.788,15.134,13.807,15.193,9.156,9.007,17.866,12.010,9.082,182.463,pupa severe deform
T260,M,33,LongPhotoHighTyr,Long,High,5/31/23,6/3/23,6/7/23,7,30-Jun,23,15.321,14.739,20.588,16.883,15.030,13.970,4.482,4.736,13.639,7.619,4.609,106.437,
T261,M,24,LongPhotoHighTyr,Long,High,6/1/23,6/4/23,6/11/23,10,,,12.912,12.506,13.437,12.952,12.709,16.291,35.225,36.580,47.626,39.810,35.903,648.550,"pupa severe deform, died as pupa"
T262,F,24,LongPhotoHighTyr,Long,High,6/1/23,6/4/23,6/9/23,8,,,15.306,14.477,19.414,16.399,14.892,14.109,9.231,9.284,22.322,13.612,9.258,192.050,"pupa severe deform, died as pupa, used photo b"
T263,,37,LongPhotoHighTyr,Long,High,6/1/23,6/4/23,,,,,15.274,14.741,14.222,14.746,15.008,13.993,26.701,27.344,33.602,29.216,27.023,408.800,
T264,,24,LongPhotoHighTyr,Long,High,6/2/23,6/5/23,6/12/23,10,,,14.346,13.845,18.081,15.424,14.096,14.905,9.846,10.053,20.681,13.527,9.950,201.608,pupa severe deform
T265,,37,LongPhotoHighTyr,Long,High,6/2/23,6/5/23,,,,,13.001,12.174,16.411,13.862,12.588,16.413,15.042,14.737,28.987,19.589,14.890,321.499,used photo a
T266,,37,LongPhotoHighTyr,Long,High,6/2/23,6/5/23,,,,,14.572,13.649,16.779,15.000,14.111,14.890,7.788,7.508,13.326,9.541,7.648,142.056,used photo a
T267,M,37,LongPhotoHighTyr,Long,High,6/2/23,6/5/23,6/9/23,7,7/4/23,25,14.678,13.804,18.156,15.546,14.241,14.759,7.344,7.465,16.702,10.504,7.405,155.024,"pupa short wings, used photo b"
T268,F,33,LongPhotoHighTyr,Long,High,6/2/23,6/5/23,6/9/23,7,7/2/23,23,16.137,13.665,20.181,16.661,14.901,14.099,7.548,6.441,19.152,11.047,6.995,155.752,
T269,,24,LongPhotoHighTyr,Long,High,6/3/23,6/6/23,6/11/23,8,,,15.520,15.090,19.115,16.575,15.305,13.695,8.599,8.572,17.400,11.524,8.586,157.817,"pupa severe deform, used photo b"
T270,M,37,LongPhotoHighTyr,Long,High,6/3/23,6/6/23,6/10/23,7,7/4/23,24,15.542,14.980,17.365,15.962,15.261,13.739,11.279,11.548,19.880,14.236,11.414,195.584,"pupa short wings, used photo b"
T271,F,37,LongPhotoHighTyr,Long,High,6/3/23,6/6/23,6/11/23,8,7/5/23,24,12.885,12.681,12.945,12.837,12.783,16.217,44.385,45.363,55.243,48.330,44.874,783.773,"pupa short wings, used photo a"
T272,,37,LongPhotoHighTyr,Long,High,6/3/23,6/6/23,,,,,14.416,14.127,15.713,14.752,14.272,14.729,26.902,29.290,49.646,35.279,28.096,519.612,"6/16- dead, used photo b"
T273,F,37,LongPhotoHighTyr,Long,High,6/3/23,6/6/23,6/11/23,8,7/5/23,24,12.999,12.467,15.763,13.743,12.733,16.267,18.678,18.957,33.604,23.746,18.818,386.282,"pupa severe deform, use photo a"
T301,,27,ShortPhotoLowTyr,Short,Low,5/24/23,5/27/23,,,,,12.382,12.321,11.766,12.156,12.352,16.649,62.459,63.154,68.610,64.741,62.807,1077.841,
T302,,27,ShortPhotoLowTyr,Short,Low,5/24/23,5/27/23,,,,,11.658,11.743,11.970,11.790,11.701,17.300,52.400,53.258,61.615,55.758,52.829,964.580,
T303,,27,ShortPhotoLowTyr,Short,Low,5/24/23,5/27/23,,,,,11.456,11.514,10.827,11.266,11.485,17.515,74.131,75.252,79.842,76.408,74.692,1338.292,
T304,,27,ShortPhotoLowTyr,Short,Low,5/24/23,5/27/23,,,,,13.063,13.040,12.364,12.822,13.052,15.949,63.598,64.803,69.687,66.029,64.201,1053.069,
T305,,27,ShortPhotoLowTyr,Short,Low,5/24/23,5/27/23,,,,,10.046,10.033,9.529,9.869,10.040,18.961,68.458,69.514,73.397,70.456,68.986,1335.887,
T306,M,27,ShortPhotoLowTyr,Short,Low,5/24/23,5/27/23,6/1/23,8,9/8/23,99,9.025,9.256,8.672,8.984,9.141,19.860,79.614,80.311,82.478,80.801,79.963,1604.667,
T307,F,27,ShortPhotoLowTyr,Short,Low,5/24/23,5/27/23,6/2/23,9,10/9/23,129,10.256,10.466,9.745,10.156,10.361,18.639,65.084,65.725,70.095,66.968,65.405,1248.217,
T308,,24,ShortPhotoLowTyr,Short,Low,5/25/23,5/28/23,,,,,11.841,11.735,11.099,11.558,11.788,17.212,71.743,72.587,78.053,74.128,72.165,1275.885,
T309,,27,ShortPhotoLowTyr,Short,Low,5/25/23,5/28/23,,,,,10.905,10.863,10.729,10.832,10.884,18.116,53.435,54.190,61.872,56.499,53.813,1023.536,
T310,,27,ShortPhotoLowTyr,Short,Low,5/25/23,5/28/23,,,,,9.970,10.052,9.225,9.749,10.011,18.989,83.281,83.905,85.590,84.259,83.593,1599.988,
T311,,25,ShortPhotoLowTyr,Short,Low,5/25/23,5/28/23,,,,,9.759,9.739,9.026,9.508,9.749,19.251,66.414,67.465,71.859,68.579,66.940,1320.221,
T312,F,27,ShortPhotoLowTyr,Short,Low,5/26/23,5/29/23,6/3/23,8,8/26/23,84,12.249,12.251,11.417,11.972,12.250,16.750,67.516,67.501,71.092,68.703,67.509,1150.775,
T313,F,27,ShortPhotoLowTyr,Short,Low,5/26/23,5/29/23,6/4/23,9,6/27/23,23,13.107,12.742,12.754,12.868,12.925,16.076,48.687,47.962,55.623,50.757,48.325,815.950,
T314,,25,ShortPhotoLowTyr,Short,Low,5/26/23,5/29/23,,,,,11.799,11.794,10.629,11.407,11.797,17.204,88.608,89.267,90.466,89.447,88.938,1538.801,
T315,,25,ShortPhotoLowTyr,Short,Low,5/26/23,5/28/23,,,,,11.593,11.619,11.356,11.523,11.606,17.394,62.678,63.050,69.178,64.969,62.864,1130.065,
T316,,25,ShortPhotoLowTyr,Short,Low,5/26/23,5/29/23,,,,,12.488,12.481,11.943,12.304,12.485,16.516,63.305,63.963,70.780,66.016,63.634,1090.287,
T317,,24,ShortPhotoLowTyr,Short,Low,5/26/23,5/29/23,,,,,12.373,12.105,11.228,11.902,12.239,16.761,60.168,61.256,66.000,62.475,60.712,1047.138,
T318,,25,ShortPhotoLowTyr,Short,Low,5/26/23,5/29/23,6/2/23,7,8/13/23,72,11.918,11.899,11.120,11.646,11.909,17.092,64.799,65.754,70.043,66.865,65.277,1142.829,pupa short wings
T319,F,27,ShortPhotoLowTyr,Short,Low,5/26/23,5/29/23,6/2/23,7,9/8/23,98,12.531,12.539,11.663,12.244,12.535,16.465,65.506,66.389,71.836,67.910,65.948,1118.144,
T320,F,27,ShortPhotoLowTyr,Short,Low,5/26/23,5/29/23,6/3/23,8,9/8/23,97,11.782,11.897,11.013,11.564,11.840,17.161,83.128,84.025,86.850,84.668,83.577,1452.939,pupa short wings
T321,,34,ShortPhotoLowTyr,Short,Low,5/26/23,5/29/23,,,,,11.441,11.534,10.635,11.203,11.488,17.513,73.634,74.924,78.980,75.846,74.279,1328.253,
T322,,34,ShortPhotoLowTyr,Short,Low,5/26/23,5/29/23,,,,,12.280,12.152,11.110,11.847,12.216,16.784,74.492,75.779,79.108,76.460,75.136,1283.299,
T323,,34,ShortPhotoLowTyr,Short,Low,5/26/23,5/29/23,,,,,10.514,10.502,9.617,10.211,10.508,18.492,69.907,70.795,73.624,71.442,70.351,1321.105,
T324,,34,ShortPhotoLowTyr,Short,Low,5/26/23,5/29/23,,,,,11.281,11.200,10.266,10.916,11.241,17.760,76.354,77.570,81.154,78.359,76.962,1391.623,
T325,M,34,ShortPhotoLowTyr,Short,Low,5/26/23,5/29/23,6/2/23,7,7/25/23,53,11.828,11.737,10.613,11.393,11.783,17.218,71.895,73.105,76.235,73.745,72.500,1269.705,pupa deformed
T326,M,34,ShortPhotoLowTyr,Short,Low,5/26/23,5/29/23,6/3/23,8,,,11.764,11.732,10.668,11.388,11.748,17.252,81.328,81.992,83.993,82.438,81.660,1422.215,"pupa severe deform, died as pupa"
T327,F,34,ShortPhotoLowTyr,Short,Low,5/26/23,5/29/23,6/3/23,8,9/1/23,90,12.116,11.921,11.239,11.759,12.019,16.982,67.237,68.724,72.793,69.585,67.981,1181.652,pupa severe deform
T328,,34,ShortPhotoLowTyr,Short,Low,5/27/23,5/30/23,,,,,13.334,13.114,12.165,12.871,13.224,15.776,61.863,62.900,67.010,63.924,62.382,1008.470,
T329,,34,ShortPhotoLowTyr,Short,Low,5/27/23,5/29/23,,,,,12.179,12.014,11.106,11.766,12.097,16.904,71.472,72.703,76.291,73.489,72.088,1242.216,
T330,M,34,ShortPhotoLowTyr,Short,Low,5/27/23,5/30/23,6/2/23,6,9/26/23,116,14.704,14.599,13.320,14.208,14.652,14.349,65.582,66.845,71.238,67.888,66.214,974.096,"pupa short wings, used photo b"
T331,M,34,ShortPhotoLowTyr,Short,Low,5/27/23,5/30/23,6/2/23,6,,,14.467,14.384,13.194,14.015,14.426,14.575,70.365,71.447,74.240,72.017,70.906,1049.617,"pupa severe deform, died as pupa, used photo b"
T332,M,34,ShortPhotoLowTyr,Short,Low,5/27/23,5/30/23,6/3/23,7,8/1/23,59,14.283,14.091,12.840,13.738,14.187,14.813,71.290,72.567,76.488,73.448,71.929,1087.990,pupa severe deform
T333,,33,ShortPhotoLowTyr,Short,Low,5/27/23,5/29/23,,,,,11.047,10.932,10.083,10.687,10.990,18.011,76.162,77.282,80.419,77.954,76.722,1403.997,
T334,,25,ShortPhotoLowTyr,Short,Low,5/27/23,5/30/23,,,,,13.283,13.202,11.905,12.797,13.243,15.758,85.749,86.432,88.214,86.798,86.091,1367.725,
T335,,25,ShortPhotoLowTyr,Short,Low,5/27/23,5/30/23,,,,,13.768,13.582,12.378,13.243,13.675,15.325,75.846,76.946,81.034,77.942,76.396,1194.461,
T336,M,25,ShortPhotoLowTyr,Short,Low,5/27/23,5/30/23,6/3/23,7,7/25/23,52,12.928,12.766,11.667,12.454,12.847,16.153,67.480,68.434,73.224,69.713,67.957,1126.069,pupa short wings
T337,M,25,ShortPhotoLowTyr,Short,Low,5/27/23,5/30/23,6/3/23,7,10/4/23,123,13.820,13.641,12.397,13.286,13.731,15.270,61.925,63.028,66.100,63.684,62.477,972.428,
T338,,33,ShortPhotoLowTyr,Short,Low,5/27/23,5/30/23,,,,,12.632,12.520,11.290,12.147,12.576,16.424,86.521,87.213,88.451,87.395,86.867,1435.375,
T339,M,33,ShortPhotoLowTyr,Short,Low,5/27/23,5/30/23,6/3/23,7,9/21/23,110,12.955,12.830,11.775,12.520,12.893,16.108,67.483,68.297,70.954,68.911,67.890,1109.989,pupa short wings
T340,,24,ShortPhotoLowTyr,Short,Low,5/27/23,5/30/23,,,,,13.115,12.902,11.861,12.626,13.009,15.992,59.946,61.034,64.639,61.873,60.490,989.442,used photo b
T341,,24,ShortPhotoLowTyr,Short,Low,5/27/23,5/30/23,,,,,13.408,13.309,12.747,13.155,13.359,15.642,63.479,64.724,71.437,66.547,64.102,1040.890,
T342,F,24,ShortPhotoLowTyr,Short,Low,5/27/23,5/30/23,6/3/23,7,9/6/23,95,12.657,12.613,12.407,12.559,12.635,16.365,57.398,58.122,66.624,60.715,57.760,993.596,pupa short wings
T343,,34,ShortPhotoLowTyr,Short,Low,5/27/23,5/30/23,,,,,11.923,11.775,10.758,11.485,11.849,17.151,63.651,64.945,68.791,65.796,64.298,1128.461,
T344,,25,ShortPhotoLowTyr,Short,Low,5/27/23,5/30/23,,,,,13.424,13.363,12.279,13.022,13.394,15.607,72.424,74.124,79.194,75.247,73.274,1174.348,
T345,,34,ShortPhotoLowTyr,Short,Low,5/27/23,5/30/23,6/3/23,7,,,14.263,14.122,12.983,13.789,14.193,14.808,67.528,68.802,73.449,69.926,68.165,1035.434,"died as pupa, used photo b"
T346,F,33,ShortPhotoLowTyr,Short,Low,5/28/23,5/31/23,6/4/23,7,9/10/23,98,12.849,12.900,11.907,12.552,12.875,16.126,78.791,79.693,82.260,80.248,79.242,1294.039,"pupa short wings, used photo a"
T347,,34,ShortPhotoLowTyr,Short,Low,5/28/23,5/31/23,,,,,12.719,12.614,11.561,12.298,12.667,16.334,73.120,74.141,77.537,74.933,73.631,1223.913,used photo b
T348,F,27,ShortPhotoLowTyr,Short,Low,5/28/23,5/31/23,6/4/23,7,10/1/23,119,15.714,15.776,14.668,15.386,15.745,13.255,66.703,67.897,72.051,68.884,67.300,913.053,"not 100% on family ID, pupa short wings"
T349,F,25,ShortPhotoLowTyr,Short,Low,5/28/23,5/31/23,6/5/23,8,8/2/23,58,13.170,13.061,11.815,12.682,13.116,15.885,70.233,71.237,74.267,71.912,70.735,1142.291,"not 100% on family ID, used photo b"
T350,F,37,ShortPhotoLowTyr,Short,Low,5/28/23,5/31/23,6/4/23,7,,,12.573,12.440,11.673,12.229,12.507,16.494,65.998,67.015,73.478,68.830,66.507,1135.253,"not 100% on family ID, pupa severe deform, died as pupa"
T351,,37,ShortPhotoLowTyr,Short,Low,5/28/23,5/31/23,,,,,12.904,12.706,11.642,12.417,12.805,16.195,68.636,69.364,73.263,70.421,69.000,1140.468,wire sticking out
T352,,24,ShortPhotoLowTyr,Short,Low,5/28/23,5/31/23,,,,,14.058,14.008,13.245,13.770,14.033,14.967,54.892,55.786,61.039,57.239,55.339,856.696,
T353,,33,ShortPhotoLowTyr,Short,Low,5/28/23,5/31/23,,,,,13.470,13.367,12.342,13.060,13.419,15.582,75.051,76.305,79.014,76.790,75.678,1196.503,used photo b
T354,,33,ShortPhotoLowTyr,Short,Low,5/28/23,5/31/23,,,,,13.207,13.086,12.012,12.768,13.147,15.854,74.323,75.467,78.291,76.027,74.895,1205.294,used photo b
T355,,25,ShortPhotoLowTyr,Short,Low,5/28/23,5/31/23,,,,,11.559,11.345,10.452,11.119,11.452,17.548,70.367,71.533,78.598,73.499,70.950,1289.766,
T356,F,25,ShortPhotoLowTyr,Short,Low,5/29/23,6/1/23,6/5/23,7,,,12.517,12.459,11.569,12.182,12.488,16.512,70.622,71.895,78.453,73.657,71.259,1216.219,"pupa severe deform, died as pupa"
T357,M,24,ShortPhotoLowTyr,Short,Low,5/29/23,6/1/23,6/4/23,6,9/8/23,96,12.959,12.842,11.667,12.489,12.901,16.100,76.816,78.273,81.035,78.708,77.545,1267.159,pupa short wings
T358,,33,ShortPhotoLowTyr,Short,Low,5/29/23,6/1/23,,,,,13.727,13.702,12.726,13.385,13.715,15.286,76.088,77.206,80.603,77.966,76.647,1191.744,used photo b
T359,,37,ShortPhotoLowTyr,Short,Low,5/29/23,6/1/23,,,,,13.595,13.621,12.871,13.362,13.608,15.392,65.635,66.663,71.642,67.980,66.149,1046.348,
T360,,37,ShortPhotoLowTyr,Short,Low,5/29/23,6/1/23,,,,,11.274,11.261,10.069,10.868,11.268,17.733,87.970,88.849,91.465,89.428,88.410,1585.782,
T361,,37,ShortPhotoLowTyr,Short,Low,5/29/23,6/1/23,,,,,10.701,10.626,9.477,10.268,10.664,18.337,82.404,83.576,86.583,84.188,82.990,1543.707,
T362,,37,ShortPhotoLowTyr,Short,Low,5/30/23,6/2/23,,,,,13.536,13.346,12.318,13.067,13.441,15.559,57.755,59.166,65.078,60.666,58.461,943.907,used photo a
T363,,37,ShortPhotoLowTyr,Short,Low,5/30/23,6/2/23,,,,,11.999,11.901,11.136,11.679,11.950,17.050,61.252,61.973,66.025,63.083,61.613,1075.571,
T364,F,24,ShortPhotoLowTyr,Short,Low,5/30/23,6/2/23,6/6/23,7,9/2/23,88,11.420,11.426,11.176,11.341,11.423,17.577,62.044,62.862,70.176,65.027,62.453,1142.985,pupa short wings
T365,M,24,ShortPhotoLowTyr,Short,Low,5/30/23,6/2/23,6/6/23,7,9/1/23,87,10.315,10.156,10.207,10.226,10.236,18.765,51.128,52.465,61.769,55.121,51.797,1034.312,"pupa short wings, used photo b"
T366,,37,ShortPhotoLowTyr,Short,Low,5/30/23,6/2/23,,,,,11.582,11.497,11.017,11.365,11.540,17.461,64.486,65.143,71.595,67.075,64.815,1171.157,used photo b
T367,,37,ShortPhotoLowTyr,Short,Low,5/30/23,6/2/23,,,,,13.893,13.624,12.406,13.308,13.759,15.242,78.176,79.323,83.137,80.212,78.750,1222.551,
T368,F,37,ShortPhotoLowTyr,Short,Low,5/30/23,6/2/23,6/6/23,7,9/2/23,88,14.054,13.811,12.910,13.592,13.933,15.068,67.373,68.882,75.493,70.583,68.128,1063.504,pupa short wings
T369,,33,ShortPhotoLowTyr,Short,Low,5/30/23,6/2/23,,,,,11.957,11.828,10.742,11.509,11.893,17.108,75.891,77.194,80.160,77.748,76.543,1330.080,
T370,F,24,ShortPhotoLowTyr,Short,Low,5/30/23,6/2/23,6/7/23,8,,,11.960,11.844,11.381,11.728,11.902,17.098,56.701,57.569,64.521,59.597,57.135,1018.990,"pupa severe deform, died as pupa"
T371,M,37,ShortPhotoLowTyr,Short,Low,5/31/23,6/3/23,6/7/23,7,9/8/23,93,10.518,10.282,9.338,10.046,10.400,18.600,76.176,77.332,81.553,78.354,76.754,1457.378,pupa short wings
T372,F,37,ShortPhotoLowTyr,Short,Low,5/31/23,6/3/23,6/7/23,7,9/17/23,102,12.599,12.499,11.502,12.200,12.549,16.451,74.334,75.436,80.110,76.627,74.885,1260.585,"pupa short wings, used photo b"
T373,F,33,ShortPhotoLowTyr,Short,Low,5/31/23,6/3/23,6/7/23,7,,,13.623,13.670,12.635,13.309,13.647,15.354,65.139,65.781,69.485,66.802,65.460,1025.639,"pupa severe deform, died as pupa, used photo b"
T374,F,37,ShortPhotoLowTyr,Short,Low,5/31/23,6/3/23,6/9/23,9,,,11.168,11.086,9.946,10.733,11.127,17.873,83.295,84.871,88.684,85.617,84.083,1530.227,pupa severe deform- dead
T375,F,37,ShortPhotoLowTyr,Short,Low,5/31/23,6/3/23,6/7/23,7,9/4/23,89,10.636,10.388,9.195,10.073,10.512,18.488,81.967,82.860,85.273,83.367,82.414,1541.283,pupa short wings
T376,F,24,ShortPhotoLowTyr,Short,Low,6/1/23,6/4/23,6/10/23,9,,,11.330,11.017,10.595,10.981,11.174,17.827,53.319,55.570,65.337,58.075,54.445,1035.280,"pupa severe deform, died as pupa, used photo b"
T377,F,33,ShortPhotoLowTyr,Short,Low,6/2/23,6/5/23,6/9/23,7,,,11.265,11.323,10.392,10.993,11.294,17.706,77.563,78.631,81.380,79.191,78.097,1402.162,"pupa severe deform, died as pupa, used photo b"
T378,M,33,ShortPhotoLowTyr,Short,Low,6/2/23,6/5/23,6/9/23,7,9/13/23,96,10.686,10.665,9.535,10.295,10.676,18.325,84.579,85.431,87.128,85.713,85.005,1570.642,"pupa short wings, used photo b"
T401,,27,ShortPhotoHighTyr,Short,High,5/25/23,5/28/23,,,,,12.821,12.548,12.443,12.604,12.685,16.316,46.751,47.443,54.393,49.529,47.097,808.090,
T402,,33,ShortPhotoHighTyr,Short,High,5/25/23,5/28/23,,,,,11.871,11.714,10.739,11.441,11.793,17.208,79.195,80.306,82.828,80.776,79.751,1389.959,
T403,,33,ShortPhotoHighTyr,Short,High,5/25/23,5/28/23,,,,,12.972,12.749,11.612,12.444,12.861,16.140,70.556,71.410,74.107,72.024,70.983,1162.437,
T404,M,33,ShortPhotoHighTyr,Short,High,5/25/23,5/28/23,6/2/23,8,9/13/23,103,13.459,13.249,11.872,12.860,13.354,15.646,73.710,75.047,78.051,75.603,74.379,1182.879,
T405,,25,ShortPhotoHighTyr,Short,High,5/25/23,5/28/23,,,,,12.512,12.319,11.166,11.999,12.416,16.585,68.996,70.528,74.321,71.282,69.762,1182.171,
T406,,27,ShortPhotoHighTyr,Short,High,5/25/23,5/28/23,,,,,12.008,11.751,10.723,11.494,11.880,17.121,71.383,72.794,76.171,73.449,72.089,1257.489,
T407,,27,ShortPhotoHighTyr,Short,High,5/25/23,5/28/23,,,,,10.475,10.386,9.818,10.226,10.431,18.570,64.499,65.806,72.218,67.508,65.153,1253.584,
T408,,27,ShortPhotoHighTyr,Short,High,5/26/23,5/28/23,,,,,10.989,10.987,10.255,10.744,10.988,18.012,62.351,63.168,68.334,64.618,62.760,1163.893,
T409,,27,ShortPhotoHighTyr,Short,High,5/26/23,5/29/23,,,,,11.489,11.438,10.718,11.215,11.464,17.537,72.921,74.583,78.949,75.484,73.752,1323.731,
T410,,27,ShortPhotoHighTyr,Short,High,5/26/23,5/29/23,,,,,10.709,10.639,9.780,10.376,10.674,18.326,80.938,82.517,86.853,83.436,81.728,1529.048,
T411,,25,ShortPhotoHighTyr,Short,High,5/26/23,5/29/23,,,,,12.906,12.728,11.683,12.439,12.817,16.183,69.749,71.255,75.069,72.024,70.502,1165.570,
T412,M,27,ShortPhotoHighTyr,Short,High,5/26/23,5/29/23,6/2/23,7,10/1/23,121,9.789,9.862,9.119,9.590,9.826,19.175,74.442,75.788,80.261,76.830,75.115,1473.183,
T413,F,27,ShortPhotoHighTyr,Short,High,5/26/23,5/29/23,6/3/23,8,8/2/23,60,11.232,11.117,10.568,10.972,11.175,17.826,66.401,67.894,73.640,69.312,67.148,1235.515,pupa short wings
T414,,24,ShortPhotoHighTyr,Short,High,5/26/23,5/29/23,,,,,11.473,11.468,11.095,11.345,11.471,17.530,65.401,66.477,72.722,68.200,65.939,1195.512,
T415,,34,ShortPhotoHighTyr,Short,High,5/26/23,5/29/23,,,,,11.560,11.498,10.726,11.261,11.529,17.471,72.595,74.816,80.537,75.983,73.706,1327.493,
T416,,34,ShortPhotoHighTyr,Short,High,5/26/23,5/29/23,,,,,13.149,13.088,12.153,12.797,13.119,15.882,72.331,73.897,77.225,74.484,73.114,1182.923,
T417,,34,ShortPhotoHighTyr,Short,High,5/27/23,5/30/23,,,,,11.913,11.690,10.747,11.450,11.802,17.199,69.133,70.232,75.365,71.577,69.683,1231.011,
T418,,34,ShortPhotoHighTyr,Short,High,5/27/23,5/30/23,,,,,13.351,13.071,12.233,12.885,13.211,15.789,65.030,66.626,73.446,68.367,65.828,1079.452,
T419,,33,ShortPhotoHighTyr,Short,High,5/27/23,5/30/23,,,,,14.062,13.905,12.624,13.530,13.984,15.017,80.782,81.962,84.157,82.300,81.372,1235.863,
T420,,25,ShortPhotoHighTyr,Short,High,5/27/23,5/30/23,,,,,12.061,12.018,11.168,11.749,12.040,16.961,67.332,68.734,75.098,70.388,68.033,1193.816,
T421,,25,ShortPhotoHighTyr,Short,High,5/27/23,5/30/23,6/5/23,9,,,13.633,13.398,12.134,13.055,13.516,15.485,65.457,67.113,72.457,68.342,66.285,1058.247,died as pupa
T422,M,25,ShortPhotoHighTyr,Short,High,5/27/23,5/30/23,6/3/23,7,8/13/23,71,12.365,12.194,11.169,11.909,12.280,16.721,73.452,75.069,80.232,76.251,74.261,1274.955,pupa short wings
T423,M,25,ShortPhotoHighTyr,Short,High,5/27/23,5/30/23,6/4/23,8,10/17/23,135,11.293,11.229,10.064,10.862,11.261,17.739,74.128,75.419,79.929,76.492,74.774,1356.892,"pupa short wings, used photo b"
T424,,24,ShortPhotoHighTyr,Short,High,5/27/23,5/30/23,,,,,11.974,11.898,11.046,11.639,11.936,17.064,66.705,67.959,74.606,69.757,67.332,1190.328,used photo b
T425,,25,ShortPhotoHighTyr,Short,High,5/27/23,5/30/23,,,,,11.299,11.089,10.278,10.889,11.194,17.806,59.788,61.063,66.981,62.611,60.426,1114.846,used photo b
T426,M,25,ShortPhotoHighTyr,Short,High,5/27/23,5/30/23,6/4/23,8,10/9/23,127,10.796,10.758,9.831,10.462,10.777,18.223,78.030,79.498,82.938,80.155,78.764,1460.671,
T427,F,25,ShortPhotoHighTyr,Short,High,5/27/23,5/30/23,6/3/23,7,8/30/23,88,11.796,11.848,11.318,11.654,11.822,17.178,67.167,68.116,74.307,69.863,67.642,1200.112,"pupa short wings, used photo b"
T428,F,34,ShortPhotoHighTyr,Short,High,5/27/23,5/30/23,6/3/23,7,8/3/23,61,11.451,11.331,10.331,11.038,11.391,17.609,66.848,68.168,71.592,68.869,67.508,1212.720,pupa short wings
T429,F,34,ShortPhotoHighTyr,Short,High,5/27/23,5/30/23,6/4/23,8,10/10/23,128,10.352,10.224,9.230,9.935,10.288,18.712,68.504,70.217,74.664,71.128,69.361,1330.953,used photo b
T430,M,34,ShortPhotoHighTyr,Short,High,5/27/23,5/30/23,6/3/23,7,8/30/23,88,11.914,11.749,10.742,11.468,11.832,17.169,61.663,62.998,66.609,63.757,62.331,1094.606,
T431,M,34,ShortPhotoHighTyr,Short,High,5/27/23,5/30/23,6/3/23,7,9/16/23,105,11.471,11.453,10.662,11.195,11.462,17.538,69.001,69.978,74.523,71.167,69.490,1248.133,
T432,M,25,ShortPhotoHighTyr,Short,High,5/27/23,5/30/23,6/4/23,8,9/2/23,90,13.058,12.875,11.810,12.581,12.967,16.034,76.233,78.205,83.209,79.216,77.219,1270.104,pupa short wings
T433,M,27,ShortPhotoHighTyr,Short,High,5/27/23,5/30/23,6/5/23,9,9/14/23,101,12.499,12.245,11.023,11.922,12.372,16.628,73.537,75.260,79.988,76.262,74.399,1268.079,pupa short wings
T434,M,34,ShortPhotoHighTyr,Short,High,5/27/23,5/30/23,6/3/23,7,8/30/23,88,13.612,13.540,12.637,13.263,13.576,15.424,68.263,69.415,74.368,70.682,68.839,1090.199,pupa short wings
T435,M,34,ShortPhotoHighTyr,Short,High,5/27/23,5/30/23,6/4/23,8,9/17/23,105,13.397,13.229,12.018,12.881,13.313,15.687,65.799,67.023,70.196,67.673,66.411,1061.581,"pupa short wings, used photo b"
T436,,34,ShortPhotoHighTyr,Short,High,5/27/23,5/30/23,,,,,10.267,10.149,9.225,9.880,10.208,18.792,74.989,76.343,79.963,77.098,75.666,1448.832,
T437,,34,ShortPhotoHighTyr,Short,High,5/27/23,5/30/23,,,,,10.894,10.809,9.860,10.521,10.852,18.149,70.254,71.623,75.420,72.432,70.939,1314.538,
T438,F,34,ShortPhotoHighTyr,Short,High,5/27/23,5/30/23,6/4/23,8,9/8/23,96,11.548,11.394,10.275,11.072,11.471,17.529,81.066,82.317,85.594,82.992,81.692,1454.773,pupa short wings
T439,,24,ShortPhotoHighTyr,Short,High,5/28/23,5/31/23,,,,,14.449,14.331,13.371,14.050,14.390,14.610,63.873,64.841,70.151,66.288,64.357,968.473,not sure if this was 39 or 34
T440,,37,ShortPhotoHighTyr,Short,High,5/28/23,5/31/23,,,,,15.399,15.077,13.842,14.773,15.238,13.762,68.807,70.512,75.131,71.483,69.660,983.754,
T441,,34,ShortPhotoHighTyr,Short,High,5/28/23,5/31/23,,,,,12.838,12.692,11.957,12.496,12.765,16.235,63.626,65.062,71.544,66.744,64.344,1083.589,
T442,,25,ShortPhotoHighTyr,Short,High,5/28/23,5/31/23,,,,,14.377,14.335,13.920,14.211,14.356,14.644,50.064,51.332,60.087,53.828,50.698,788.252,
T443,,25,ShortPhotoHighTyr,Short,High,5/28/23,5/31/23,,,,,14.191,14.032,12.856,13.693,14.112,14.889,73.749,75.357,79.868,76.325,74.553,1136.360,used photo a
T444,,25,ShortPhotoHighTyr,Short,High,5/28/23,5/31/23,,,,,11.997,11.820,10.746,11.521,11.909,17.092,64.333,65.839,70.733,66.968,65.086,1144.589,used photo b
T445,,25,ShortPhotoHighTyr,Short,High,5/28/23,5/31/23,,,,,10.798,10.659,9.625,10.361,10.729,18.272,76.828,78.470,82.017,79.105,77.649,1445.367,
T446,,34,ShortPhotoHighTyr,Short,High,5/28/23,5/31/23,,,,,10.044,9.838,8.549,9.477,9.941,19.059,81.440,82.652,85.509,83.200,82.046,1585.715,
T447,,37,ShortPhotoHighTyr,Short,High,5/28/23,5/31/23,,,,,12.818,12.657,11.566,12.347,12.738,16.263,73.326,74.532,77.313,75.057,73.929,1220.614,
T448,M,27,ShortPhotoHighTyr,Short,High,5/28/23,5/31/23,6/5/23,8,9/19/23,106,13.715,13.348,11.904,12.989,13.532,15.469,80.008,81.769,85.278,82.352,80.889,1273.857,"pupa short wings, used photo a"
T449,M,25,ShortPhotoHighTyr,Short,High,5/28/23,5/31/23,6/5/23,8,,,11.196,11.106,10.104,10.802,11.151,17.849,75.625,77.254,81.602,78.160,76.440,1395.084,"pupa severe deform, died as pupa, used photo a"
T450,F,33,ShortPhotoHighTyr,Short,High,5/28/23,5/31/23,6/4/23,7,9/18/23,106,13.592,13.552,12.490,13.211,13.572,15.428,71.404,72.390,75.390,73.061,71.897,1127.190,
T451,M,24,ShortPhotoHighTyr,Short,High,5/28/23,5/31/23,6/4/23,7,,,12.212,12.040,10.903,11.718,12.126,16.874,76.144,77.298,81.004,78.149,76.721,1318.681,"pupa severe deform, died as pupa"
T452,,24,ShortPhotoHighTyr,Short,High,5/29/23,6/1/23,,,,,10.213,10.115,8.916,9.748,10.164,18.836,80.547,81.628,84.550,82.242,81.088,1549.104,
T453,,33,ShortPhotoHighTyr,Short,High,5/29/23,6/1/23,,,,,14.890,14.833,13.638,14.454,14.862,14.139,65.838,66.839,70.676,67.784,66.339,958.369,
T454,,33,ShortPhotoHighTyr,Short,High,5/29/23,6/1/23,,,,,11.829,11.772,10.561,11.387,11.801,17.200,86.414,87.564,89.821,87.933,86.989,1512.404,
T455,M,27,ShortPhotoHighTyr,Short,High,5/29/23,6/1/23,6/6/23,8,,,11.270,11.191,10.119,10.860,11.231,17.770,80.683,81.758,84.634,82.358,81.221,1463.466,"pupa severe deform, died as pupa"
T456,M,24,ShortPhotoHighTyr,Short,High,5/29/23,6/1/23,6/5/23,7,,,12.934,12.843,12.088,12.622,12.889,16.112,62.177,63.375,68.838,64.797,62.776,1043.971,"pupa severe deform, died as pupa"
T457,,24,ShortPhotoHighTyr,Short,High,5/29/23,6/1/23,,,,,12.233,12.174,11.154,11.854,12.204,16.797,71.246,73.134,79.470,74.617,72.190,1253.299,used photo b
T458,,24,ShortPhotoHighTyr,Short,High,5/29/23,6/1/23,,,,,11.352,11.166,10.205,10.908,11.259,17.741,74.265,76.211,81.482,77.319,75.238,1371.722,
T459,,33,ShortPhotoHighTyr,Short,High,5/30/23,6/2/23,,,,,12.526,12.331,11.185,12.014,12.429,16.572,66.824,68.712,73.224,69.587,67.768,1153.155,
T460,,37,ShortPhotoHighTyr,Short,High,5/30/23,6/2/23,,,,,9.834,9.664,8.433,9.310,9.749,19.251,81.374,83.092,87.187,83.884,82.233,1614.857,
T461,,37,ShortPhotoHighTyr,Short,High,5/30/23,6/2/23,,,,,12.879,12.522,11.708,12.370,12.701,16.300,54.414,55.562,61.460,57.145,54.988,931.440,used photo b
T462,,37,ShortPhotoHighTyr,Short,High,5/30/23,6/2/23,,,,,11.297,11.113,10.686,11.032,11.205,17.795,58.891,59.421,65.773,61.362,59.156,1091.931,
T463,F,37,ShortPhotoHighTyr,Short,High,5/30/23,6/2/23,6/7/23,8,9/11/23,96,10.145,9.925,8.727,9.599,10.035,18.965,82.870,84.130,86.880,84.627,83.500,1604.945,pupa short wings
T464,,37,ShortPhotoHighTyr,Short,High,5/30/23,6/2/23,6/7/23,8,,,11.850,11.603,10.384,11.279,11.727,17.274,75.973,77.788,83.317,79.026,76.881,1365.056,"pupa short wings, died as pupa, used photo a"
T465,M,37,ShortPhotoHighTyr,Short,High,5/30/23,6/2/23,6/7/23,8,9/21/23,106,10.230,10.016,8.832,9.693,10.123,18.877,80.586,82.242,86.513,83.114,81.414,1568.937,"pupa short wings, used photo b"
T466,,37,ShortPhotoHighTyr,Short,High,5/30/23,6/2/23,,,,,10.375,10.104,8.770,9.750,10.240,18.761,83.447,84.886,88.048,85.460,84.167,1603.279,
T467,F,33,ShortPhotoHighTyr,Short,High,5/30/23,6/2/23,6/9/23,10,,,10.630,10.462,9.511,10.201,10.546,18.454,76.123,78.766,84.236,79.708,77.445,1470.938,pupa severe deform- dead
T468,M,24,ShortPhotoHighTyr,Short,High,5/30/23,6/2/23,6/7/23,8,10/9/23,124,10.298,10.164,9.021,9.828,10.231,18.769,76.123,77.742,81.747,78.537,76.933,1474.067,pupa short wings
T469,,37,ShortPhotoHighTyr,Short,High,5/30/23,6/2/23,,,,,11.136,10.973,9.805,10.638,11.055,17.946,75.022,76.785,81.030,77.612,75.904,1392.792,
T470,F,33,ShortPhotoHighTyr,Short,High,5/31/23,6/3/23,6/7/23,7,9/8/23,93,11.903,11.927,10.708,11.513,11.915,17.085,81.036,82.502,85.658,83.065,81.769,1419.171,"pupa short wings, used photo a"
T471,F,33,ShortPhotoHighTyr,Short,High,5/31/23,6/3/23,6/8/23,8,9/8/23,92,13.989,13.911,12.890,13.597,13.950,15.050,67.600,69.662,74.437,70.566,68.631,1062.023,used photo b
T472,M,33,ShortPhotoHighTyr,Short,High,5/31/23,6/3/23,6/9/23,9,9/8/23,91,10.677,10.463,9.434,10.191,10.570,18.430,73.044,74.447,77.697,75.063,73.746,1383.405,pupa short wings
T473,F,37,ShortPhotoHighTyr,Short,High,5/31/23,6/3/23,6/8/23,8,9/8/23,92,11.114,11.000,10.055,10.723,11.057,17.943,77.101,78.963,83.436,79.833,78.032,1432.450,pupa severe deform
T474,,37,ShortPhotoHighTyr,Short,High,5/31/23,6/3/23,6/7/23,7,,,7.898,7.743,6.639,7.427,7.821,21.180,86.981,88.311,90.622,88.638,87.646,1877.309,"pupa severe deform- dead, used photo b"
T475,M,37,ShortPhotoHighTyr,Short,High,5/31/23,6/3/23,6/7/23,7,9/8/23,93,10.001,9.942,8.874,9.606,9.972,19.029,77.753,79.084,83.284,80.040,78.419,1523.047,"pupa short wings, used photo b"
T476,M,37,ShortPhotoHighTyr,Short,High,5/31/23,6/3/23,6/7/23,7,8/10/23,64,9.954,9.858,8.841,9.551,9.906,19.094,76.539,77.855,81.336,78.577,77.197,1500.343,"pupa severe deform, used photo a"
T477,,37,ShortPhotoHighTyr,Short,High,5/31/23,6/3/23,6/8/23,8,,,9.001,9.019,7.982,8.667,9.010,19.990,83.540,85.024,87.983,85.516,84.282,1709.458,pupa short wings
T478,F,24,ShortPhotoHighTyr,Short,High,5/31/23,6/3/23,6/7/23,7,,,13.274,13.296,13.519,13.363,13.285,15.715,42.422,43.407,52.362,46.064,42.915,723.891,"pupa severe deform, died as pupa, used photo b"
T479,F,24,ShortPhotoHighTyr,Short,High,6/3/23,6/6/23,6/12/23,9,,,11.130,10.937,10.234,10.767,11.034,17.967,63.311,65.093,72.392,66.932,64.202,1202.534,"pupa severe deform, died as pupa"